date,amb_hdln_yoy,dem_hdln_yoy,sup_hdln_yoy,dem_hdln_mom,sup_hdln_mom,amb_hdln_mom,amb_core_yoy,dem_core_yoy,sup_core_yoy,dem_core_mom,sup_core_mom,amb_core_mom
1969m1,,,,.07,.28,.04,,,,.08,.24,.06
1969m2,,,,.07,.14,.05,,,,.1,.18,.07
1969m3,,,,.12,.31,.05,,,,.14,.27,.06
1969m4,,,,.11,.29,.05,,,,.09,.25,.05
1969m5,,,,.08,.23,.1,,,,.09,.28,.03
1969m6,,,,.09,.34,.06,,,,.11,.17,.07
1969m7,,,,.01,.37,.05,,,,.03,.36,.07
1969m8,,,,.13,.12,.03,,,,.11,.14,.03
1969m9,,,,.07,.33,.02,,,,.1,.28,.02
1969m10,,,,.08,.22,.03,,,,.12,.26,.04
1969m11,,,,.08,.32,.03,,,,.11,.25,.03
1969m12,.5600000000000001,.96,3.33,.04,.36,.06,.6,1.14,2.95,.04,.25,.08
1970m1,.54,1.13,3.14,.25,.09,.02,.5700000000000001,1.26,2.81,.2,.1,.03
1970m2,.6,1.2,3.16,.14,.15,.11,.5600000000000001,1.32,2.8,.16,.16,.06
1970m3,.5700000000000001,1.14,3.03,.05,.18,.02,.54,1.24,2.8,.06,.28,.03
1970m4,.62,1.13,3.05,.1,.31,.1,.6,1.28,2.7,.12,.16,.11
1970m5,.55,1.1,3.06,.05,.25,.02,.61,1.27,2.66,.09,.23,.03
1970m6,.59,1.06,2.83,.05,.11,.1,.65,1.21,2.69,.06,.2,.11
1970m7,.59,1.19,2.63,.14,.17,.05,.63,1.3,2.52,.12,.2,.05
1970m8,.63,1.08,2.67,.03,.16,.07,.65,1.3,2.57,.11,.19,.05
1970m9,.6900000000000001,1.16,2.56,.14,.23,.07,.71,1.29,2.53,.09,.24,.08
1970m10,.72,1.19,2.65,.12,.31,.07,.75,1.31,2.54,.14,.27,.08
1970m11,.75,1.2,2.58,.09,.25,.06,.79,1.31,2.64,.1,.34,.07
1970m12,.75,1.36,2.4,.2,.17,.06,.76,1.5,2.6,.24,.21,.05
1971m1,.76,1.11,2.48,0,.17,.02,.76,1.45,2.7,.14,.2,.03
1971m2,.65,1.08,2.5,.11,.18,0,.7000000000000001,1.47,2.73,.19,.19,0
1971m3,.65,1.09,2.58,.06,.25,.02,.6900000000000001,1.52,2.64,.12,.18,.02
1971m4,.59,1.08,2.53,.09,.26,.04,.62,1.51,2.68,.11,.21,.05
1971m5,.61,1.16,2.52,.13,.24,.05,.65,1.57,2.68,.15,.23,.06
1971m6,.5600000000000001,1.18,2.74,.07,.32,.05,.6,1.6,2.74,.08,.26,.05
1971m7,.5700000000000001,1.12,2.72,.08,.16,.06,.66,1.56,2.73,.08,.19,.12
1971m8,.53,1.17,2.76,.07,.19,.03,.64,1.55,2.56,.09,.02,.03
1971m9,.42,1.12,2.62,.1,.1,-.04,.51,1.56,2.43,.11,.12,-.05
1971m10,.37,1.03,2.41,.04,.1,.02,.45,1.44,2.27,.03,.11,.02
1971m11,.34,1,2.29,.05,.13,.03,.41,1.39,2.08,.05,.15,.03
1971m12,.28,1.02,2.28,.22,.17,0,.36,1.26,2.07,.11,.2,.01
1972m1,.31,1.07,2.42,.05,.31,.06,.41,1.22,2.12,.11,.25,.07
1972m2,.35,1.16,2.4,.2,.16,.03,.46,1.05,2.12,.02,.19,.06
1972m3,.36,1.16,2.2,.06,.04,.04,.48,1.01,2.02,.07,.09,.04
1972m4,.34,1.1,2.04,.03,.11,.02,.46,.98,1.94,.08,.12,.03
1972m5,.35,1.05,1.89,.07,.09,.06,.47,.89,1.82,.06,.11,.07
1972m6,.31,1.04,1.65,.06,.08,.01,.44,.91,1.64,.1,.09,.02
1972m7,.29,1,1.75,.05,.27,.04,.36,.87,1.65,.05,.19,.05
1972m8,.3,1.08,1.67,.15,.11,.04,.38,.8200000000000001,1.75,.05,.12,.05
1972m9,.5600000000000001,1.09,1.69,.11,.12,.22,.51,.84,1.76,.12,.13,.08
1972m10,.55,1.16,1.59,.11,0,.02,.51,.93,1.58,.11,-.07,.02
1972m11,.54,1.17,1.68,.06,.23,.02,.5,.92,1.64,.04,.21,.02
1972m12,.5600000000000001,1.07,1.69,.12,.18,.02,.51,.88,1.65,.07,.21,.02
1973m1,.5,1.05,1.65,.03,.27,0,.43,.8,1.44,.02,.04,-.01
1973m2,.48,1.02,1.84,.16,.35,.01,.39,.9500000000000001,1.36,.18,.12,.01
1973m3,.51,1.05,2.35,.1,.54,.07,.4,.99,1.52,.11,.24,.06
1973m4,.55,1.13,2.82,.12,.5700000000000001,.06,.45,1.05,1.77,.14,.37,.07
1973m5,.52,1.26,3,.2,.27,.02,.4,1.07,1.94,.09,.28,.02
1973m6,.6900000000000001,1.31,3.2,.11,.28,.18,.47,1.07,2.11,.09,.26,.08
1973m7,.7000000000000001,1.32,3.19,.06,.26,.05,.48,1.08,2.24,.06,.32,.06
1973m8,.7000000000000001,1.31,4.11,.14,1,.03,.47,1.2,2.39,.16,.27,.04
1973m9,.59,1.29,4.2,.09,.21,.11,.53,1.17,2.53,.1,.27,.14
1973m10,.59,1.25,4.71,.07,.49,.02,.53,1.14,2.9,.08,.29,.02
1973m11,.8,1.36,4.91,.17,.43,.23,.58,1.28,2.93,.18,.24,.07
1973m12,.92,1.34,5.34,.11,.59,.14,.63,1.32,3.09,.11,.37,.07
1974m1,.97,1.58,5.72,.27,.64,.05,.68,1.5,3.3,.21,.25,.04
1974m2,1.02,2.14,5.75,.71,.39,.06,.74,1.51,3.57,.19,.38,.07
1974m3,.98,2.8,5.58,.76,.38,.03,.72,1.71,3.77,.31,.44,.04
1974m4,.97,2.91,5.45,.22,.43,.05,.72,1.83,3.84,.26,.44,.07
1974m5,.99,3.02,5.83,.31,.63,.05,.75,2.1,4.12,.35,.55,.06
1974m6,.88,3.16,6.08,.25,.53,.07,.73,2.35,4.5,.34,.64,.06
1974m7,.87,3.39,6.24,.29,.41,.04,.7000000000000001,2.57,4.78,.28,.58,.02
1974m8,1.24,3.51,5.61,.25,.4,.39,.92,2.64,4.99,.23,.47,.26
1974m9,1.2,3.82,5.99,.4,.5700000000000001,.07,.86,2.64,5.46,.1,.73,.07
1974m10,1.27,3.89,6.02,.13,.51,.08,.9500000000000001,2.71,5.71,.15,.53,.11
1974m11,1.29,3.85,5.96,.12,.38,.25,.99,2.68,5.96,.15,.47,.11
1974m12,1.22,3.94,5.91,.2,.53,.06,1.01,2.79,5.99,.22,.4,.09
1975m1,1.27,3.71,5.74,.04,.48,.11,1.06,2.64,6.17,.07,.42,.1
1975m2,1.24,3.19,5.66,.21,.31,.02,1.09,2.71,6.13,.25,.35,.1
1975m3,1.33,2.53,5.4,.1,.13,.12,1.18,2.53,5.96,.13,.27,.13
1975m4,1.33,2.39,5.18,.08,.22,.04,1.18,2.42,5.8,.15,.28,.06
1975m5,1.4,2.21,4.68,.13,.15,.12,1.24,2.16,5.45,.09,.22,.12
1975m6,1.39,2.04,4.63,.08,.48,.06,1.26,1.93,5.100000000000001,.12,.29,.08
1975m7,1.38,2.15,4.67,.4,.45,.02,1.26,1.86,4.9,.21,.39,.02
1975m8,1.12,1.98,4.47,.09,.2,.14,1.07,1.73,4.58,.1,.17,.08
1975m9,1.07,1.69,4.25,.11,.36,.02,1.08,1.74,4.19,.1,.35,.09
1975m10,1.05,1.74,4.08,.18,.34,.07,1.02,1.78,3.91,.19,.26,.04
1975m11,.8200000000000001,1.81,4.14,.19,.43,.03,.9400000000000001,1.84,3.86,.21,.42,.03
1975m12,.9500000000000001,1.72,3.83,.12,.24,.19,1.02,1.79,3.73,.16,.28,.17
1976m1,.89,1.89,3.49,.2,.14,.05,.98,1.99,3.51,.26,.2,.06
1976m2,.9400000000000001,1.81,3.1,.13,-.07,.07,.97,1.92,3.28,.19,.12,.09
1976m3,.8200000000000001,1.82,3,.12,.02,.01,.85,1.92,3.2,.13,.19,.02
1976m4,.8200000000000001,1.85,2.86,.1,.08,.04,.8300000000000001,1.9,3.14,.13,.23,.03
1976m5,.86,1.84,2.91,.12,.2,.16,.88,1.92,3.12,.12,.19,.18
1976m6,.84,1.88,2.69,.13,.27,.05,.85,1.96,3.02,.15,.2,.05
1976m7,.96,1.52,2.58,.04,.34,.13,.99,1.8,2.99,.05,.35,.15
1976m8,.9,1.55,2.74,.12,.36,.08,1,1.82,3.19,.12,.37,.09
1976m9,1,1.65,2.61,.21,.24,.12,1.05,1.92,3.09,.21,.25,.14
1976m10,1.03,1.64,2.53,.17,.26,.09,1.1,1.86,3.1,.13,.27,.09
1976m11,1.02,1.72,2.26,.27,.17,.02,1.15,1.9,2.8,.25,.13,.08
1976m12,.9400000000000001,1.76,2.33,.15,.31,.11,1.07,1.84,2.88,.1,.36,.09
1977m1,1.03,1.67,2.53,.11,.34,.14,1.17,1.69,3.03,.11,.35,.15
1977m2,.97,1.78,3.15,.24,.54,.01,1.09,1.78,3.23,.28,.32,.02
1977m3,1.08,1.85,3.33,.19,.2,.12,1.18,1.84,3.17,.18,.14,.11
1977m4,1.15,1.89,3.59,.14,.33,.12,1.28,1.88,3.13,.17,.19,.13
1977m5,1.07,1.97,3.61,.2,.23,.08,1.21,1.85,3.27,.08,.32,.11
1977m6,1.2,1.91,3.65,.07,.31,.18,1.33,1.82,3.38,.12,.31,.17
1977m7,1.17,2.04,3.58,.17,.26,.09,1.28,1.95,3.36,.19,.33,.1
1977m8,1.26,2.08,3.35,.16,.13,.18,1.33,2.01,3.16,.18,.17,.15
1977m9,1.21,2,3.29,.13,.18,.07,1.26,1.94,3.14,.14,.22,.07
1977m10,1.17,2.04,3.23,.21,.21,.05,1.25,2.03,3.05,.22,.19,.07
1977m11,1.35,1.93,3.28,.16,.22,.2,1.26,1.95,3.18,.16,.26,.1
1977m12,1.37,1.95,3.15,.17,.18,.13,1.31,2,3.05,.15,.23,.14
1978m1,1.31,1.99,3.17,.16,.36,.07,1.26,2.09,2.99,.2,.29,.1
1978m2,1.35,1.93,2.86,.18,.24,.05,1.31,1.87,2.92,.07,.26,.06
1978m3,1.32,2.01,2.96,.27,.3,.08,1.28,2.02,2.92,.33,.13,.08
1978m4,1.25,2.13,3.08,.25,.46,.05,1.24,2.16,2.97,.31,.25,.09
1978m5,1.32,2.07,3.28,.15,.42,.15,1.28,2.25,2.92,.18,.27,.14
1978m6,1.18,2.39,3.2,.38,.23,.05,1.17,2.37,2.87,.24,.26,.06
1978m7,1.18,2.39,3.22,.17,.29,.09,1.12,2.39,2.87,.2,.33,.05
1978m8,1.15,2.33,3.34,.1,.25,.15,1.11,2.3,3.01,.09,.3,.14
1978m9,1.15,2.36,3.51,.16,.35,.06,1.12,2.35,3.1,.19,.31,.08
1978m10,1.27,2.5,3.59,.35,.28,.17,1.16,2.43,3.23,.31,.32,.11
1978m11,1.11,2.48,3.76,.14,.39,.04,1.1,2.43,3.31,.16,.34,.04
1978m12,1.07,2.4,3.88,.09,.3,.1,1,2.35,3.38,.07,.29,.04
1979m1,1.28,2.38,3.85,.14,.32,.29,.9400000000000001,2.23,3.46,.09,.38,.05
1979m2,1.11,2.45,4.01,.24,.4,-.12,.73,2.41,3.42,.24,.22,-.15
1979m3,1.07,2.37,4.28,.2,.5600000000000001,.04,.67,2.31,3.61,.24,.31,.02
1979m4,1.17,2.57,4.24,.45,.42,.15,.77,2.44,3.63,.43,.27,.19
1979m5,1.06,2.94,4.29,.51,.47,.05,.68,2.76,3.67,.49,.31,.06
1979m6,1.17,2.95,4.350000000000001,.38,.29,.15,.8100000000000001,2.68,3.61,.16,.21,.19
1979m7,1.28,3.1,4.3,.32,.24,.21,.96,2.56,3.5,.09,.22,.2
1979m8,1.49,3.13,4.34,.12,.29,.35,.9400000000000001,2.59,3.63,.12,.43,.12
1979m9,1.68,3.26,4.350000000000001,.29,.35,.25,.92,2.71,3.63,.3,.32,.06
1979m10,1.76,3.03,4.52,.13,.44,.25,.93,2.54,3.79,.14,.47,.12
1979m11,1.8,3.02,4.62,.13,.5,.07,.98,2.51,3.89,.12,.43,.09
1979m12,1.89,3.19,4.72,.26,.39,.19,1.01,2.63,4.05,.2,.45,.07
1980m1,1.62,3.37,5.12,.32,.71,.02,.99,2.94,4.02,.39,.35,.03
1980m2,1.9,3.61,5.17,.48,.45,.16,1.24,3.03,4.4,.33,.59,.09
1980m3,1.91,3.99,5.22,.5600000000000001,.61,.05,1.24,3.09,4.7,.3,.6,.02
1980m4,1.81,3.73,5.08,.2,.28,.05,1.11,2.81,4.73,.15,.29,.06
1980m5,1.87,3.34,5.16,.13,.54,.1,1.16,2.49,4.94,.17,.52,.11
1980m6,1.89,3.04,5.24,.09,.38,.17,1.19,2.35,5.17,.03,.42,.21
1980m7,1.72,2.9,5.58,.17,.5700000000000001,.04,1.05,2.46,5.4,.19,.45,.06
1980m8,1.45,2.98,5.84,.21,.54,.09,1.04,2.53,5.39,.2,.42,.11
1980m9,1.27,2.97,6.07,.28,.5700000000000001,.07,1.08,2.58,5.58,.35,.5,.09
1980m10,1.22,3.1,5.97,.26,.34,.2,1.08,2.77,5.47,.33,.37,.12
1980m11,1.21,3.18,6.02,.21,.55,.06,1.06,2.91,5.49,.26,.45,.07
1980m12,1.14,3.13,5.95,.21,.33,.11,1.11,2.91,5.33,.19,.29,.12
1981m1,1.36,3.21,5.55,.4,.33,.25,1.4,2.72,5.34,.2,.36,.32
1981m2,1.32,2.87,5.89,.14,.77,.12,1.46,2.54,5.19,.15,.44,.15
1981m3,1.38,2.47,5.69,.17,.42,.11,1.54,2.45,4.81,.22,.24,.1
1981m4,1.27,2.46,5.72,.19,.31,-.06,1.57,2.54,4.82,.24,.31,.1
1981m5,1.19,2.4,5.52,.07,.35,.02,1.54,2.54,4.75,.17,.45,.07
1981m6,1.01,2.38,5.5,.07,.35,-.01,1.31,2.6,4.75,.09,.43,-.01
1981m7,1.08,2.37,5.26,.16,.34,.11,1.38,2.61,4.57,.2,.27,.13
1981m8,1.05,2.2,5.25,.04,.53,.06,1.34,2.45,4.71,.05,.5600000000000001,.07
1981m9,1.14,1.99,5.04,.07,.37,.16,1.42,2.15,4.63,.06,.42,.17
1981m10,.97,1.86,4.99,.13,.28,.04,1.37,2,4.600000000000001,.17,.35,.08
1981m11,.9400000000000001,1.82,4.78,.16,.35,.03,1.36,1.95,4.46,.21,.32,.05
1981m12,.88,1.64,4.67,.04,.22,.06,1.28,1.8,4.46,.04,.28,.04
1982m1,.63,1.49,4.7,.24,.36,0,.96,1.87,4.44,.27,.35,0
1982m2,.54,1.48,4.06,.13,.14,.03,.84,1.89,4.18,.17,.18,.04
1982m3,.38,1.35,3.9,.04,.26,-.05,.8100000000000001,1.79,4.2,.12,.25,.07
1982m4,.55,1.19,3.49,.03,-.09,.11,.86,1.59,4.09,.05,.21,.14
1982m5,.5600000000000001,1.34,3.49,.22,.34,.03,.8200000000000001,1.7,3.88,.27,.24,.04
1982m6,.62,1.39,3.7,.12,.5600000000000001,.05,.89,1.76,3.75,.15,.3,.05
1982m7,.58,1.46,3.65,.23,.29,.07,.84,1.85,3.75,.29,.27,.08
1982m8,.62,1.58,3.16,.16,.05,.1,.89,2,3.33,.2,.14,.13
1982m9,.51,1.51,3.03,0,.23,.05,.79,1.95,3.2,.01,.3,.07
1982m10,.48,1.64,3.03,.27,.29,.01,.75,2.09,3.14,.31,.29,.04
1982m11,.6,1.59,2.72,.11,.04,.15,.86,2.03,2.88,.15,.06,.17
1982m12,.5600000000000001,1.48,2.71,-.07,.21,.02,.85,2.05,2.83,.07,.23,.03
1983m1,.58,1.52,2.53,.28,.18,.02,.86,2.24,2.7,.46,.22,.01
1983m2,.61,1.36,2.52,-.02,.14,.06,.89,2.2,2.7,.13,.18,.07
1983m3,.64,1.3,2.43,-.02,.17,-.02,.91,2.05,2.53,-.03,.08,.09
1983m4,.63,1.17,2.99,-.1,.46,.1,.84,1.85,2.7,-.15,.37,.07
1983m5,.74,.96,2.76,.02,.12,.14,.84,1.61,2.52,.03,.07,.04
1983m6,.73,1.02,2.35,.17,.16,.05,.85,1.67,2.42,.21,.2,.06
1983m7,.7000000000000001,1.1,2.24,.32,.19,.04,.8100000000000001,1.74,2.38,.37,.23,.04
1983m8,.67,1.04,2.44,.1,.25,.07,.73,1.67,2.57,.12,.33,.05
1983m9,.66,1.16,2.41,.12,.2,.04,.7000000000000001,1.87,2.43,.2,.16,.04
1983m10,.68,.92,2.23,.03,.11,.03,.63,1.64,2.26,.08,.13,-.03
1983m11,.59,.89,2.19,.08,0,.05,.53,1.65,2.21,.16,0,.06
1983m12,.64,.93,1.99,-.03,.01,.07,.59,1.55,1.99,-.03,.01,.09
1984m1,.6900000000000001,.66,2.15,.01,.34,.07,.67,1.12,1.97,.02,.2,.09
1984m2,.67,1.03,2.28,.35,.27,.03,.62,1.4,1.95,.41,.17,.03
1984m3,.73,1.29,2.15,.24,.04,.05,.59,1.72,1.9,.28,.03,.05
1984m4,.68,1.52,1.88,.12,.2,.05,.5700000000000001,2.02,1.79,.15,.26,.05
1984m5,.59,1.56,1.77,.06,.01,.05,.59,2.05,1.82,.07,.09,.06
1984m6,.6,1.59,1.53,.2,-.08,.06,.59,2.04,1.59,.2,-.02,.06
1984m7,.54,1.47,1.53,.2,.19,-.03,.6,1.91,1.49,.25,.13,.05
1984m8,.54,1.43,1.46,.05,.17,.08,.65,1.91,1.28,.12,.11,.1
1984m9,.62,1.34,1.26,.03,0,.11,.73,1.7,1.14,0,.03,.12
1984m10,.61,1.32,1.34,.01,.2,.02,.79,1.63,1.2,.01,.18,.03
1984m11,.58,1.28,1.42,.04,.08,.02,.77,1.52,1.32,.05,.12,.04
1984m12,.5700000000000001,1.49,1.45,.18,.04,.06,.77,1.8,1.36,.25,.05,.1
1985m1,.54,1.79,1.26,.3,.15,.05,.71,2.15,1.32,.37,.16,.02
1985m2,.62,1.62,1.17,.18,.18,.1,.79,1.92,1.39,.18,.24,.1
1985m3,.61,1.54,1.32,.16,.19,.04,.78,1.79,1.51,.16,.15,.05
1985m4,.61,1.49,1.14,.07,.03,.05,.79,1.63,1.33,-.02,.08,.06
1985m5,.74,1.6,1.03,.17,-.11,.18,.9400000000000001,1.77,1.17,.21,-.07,.21
1985m6,.78,1.45,1.24,.05,.13,.09,.99,1.65,1.33,.08,.14,.11
1985m7,.8100000000000001,1.43,1.1,.18,.05,.01,.96,1.62,1.25,.21,.06,.02
1985m8,.8100000000000001,1.48,1.09,.1,.16,.07,.9500000000000001,1.63,1.4,.13,.26,.09
1985m9,.74,1.44,1.22,-.01,.13,.04,.86,1.65,1.54,.02,.17,.03
1985m10,.79,1.3,1.24,-.13,.21,.07,.92,1.5,1.55,-.14,.2,.09
1985m11,.79,1.35,1.34,.09,.18,.02,.92,1.49,1.6,.04,.17,.04
1985m12,.84,1.33,1.38,.16,.08,.11,.9500000000000001,1.33,1.61,.08,.06,.13
1986m1,.85,1.28,1.4,.25,.17,.05,1,1.25,1.63,.3,.18,.06
1986m2,.79,1.11,1.16,.01,-.05,.05,.96,1.25,1.41,.17,.02,.07
1986m3,.8200000000000001,1.06,.59,.12,-.38,.06,.99,1.25,1.34,.15,.08,.08
1986m4,.85,.65,.61,-.34,.05,.08,1.03,1.27,1.34,.01,.07,.1
1986m5,.71,.55,.79,.07,.07,.04,.89,1.14,1.43,.08,.02,.07
1986m6,.64,.66,.85,.16,.18,.03,.8100000000000001,1.23,1.39,.17,.1,.04
1986m7,.5,.55,.88,.07,.09,-.13,.84,1.13,1.35,.12,.02,.05
1986m8,.5,.52,.71,.07,-.01,.07,.8200000000000001,1.09,1.13,.09,.04,.08
1986m9,.63,.6,.65,.08,.08,.17,1,1.18,.98,.1,.02,.2
1986m10,.5600000000000001,.85,.49,.12,.05,.01,1,1.43,.92,.12,.13,.08
1986m11,.6,.79,.4,.03,.09,.06,1.02,1.45,.85,.06,.1,.06
1986m12,.5,.77,.32,.14,0,.01,.89,1.53,.75,.16,-.03,.01
1987m1,.55,.59,.45,.07,.3,.1,.93,1.32,.63,.09,.06,.1
1987m2,.52,.77,.65,.19,.14,.03,.89,1.33,.62,.19,0,.02
1987m3,.47,.74,1.21,.08,.17,.01,.8200000000000001,1.26,.74,.08,.2,.02
1987m4,.5600000000000001,1.16,1.29,.07,.13,.17,.9,1.34,.8300000000000001,.09,.16,.17
1987m5,.58,1.17,1.34,.08,.12,.06,.9,1.35,.93,.09,.13,.07
1987m6,.64,1.16,1.29,.16,.13,.09,.91,1.26,.97,.08,.14,.05
1987m7,.91,1.16,1.23,.06,.03,.14,.97,1.24,1.02,.09,.06,.1
1987m8,.9500000000000001,1.16,1.47,.07,.22,.11,1,1.21,1.15,.06,.17,.11
1987m9,.79,1.22,1.57,.14,.17,.02,.8200000000000001,1.26,1.34,.15,.22,.02
1987m10,.8100000000000001,1.24,1.68,.13,.16,.02,.77,1.3,1.45,.15,.24,.03
1987m11,.76,1.21,1.75,.01,.16,.02,.73,1.27,1.52,.03,.16,.02
1987m12,.8100000000000001,1.13,1.85,.05,.09,.05,.78,1.21,1.59,.1,.05,.06
1988m1,.75,1.22,1.72,.17,.18,.04,.76,1.32,1.73,.2,.19,.09
1988m2,.74,1.16,1.58,.13,0,.02,.76,1.3,1.74,.17,.01,.02
1988m3,.75,1.29,1.51,.22,.1,.03,.79,1.46,1.68,.23,.15,.04
1988m4,.64,1.33,1.7,.11,.33,.05,.67,1.43,1.9,.06,.37,.06
1988m5,.65,1.39,1.67,.13,.09,.07,.6900000000000001,1.46,1.91,.12,.14,.08
1988m6,.63,1.36,1.76,.13,.22,.07,.72,1.5,1.98,.13,.21,.09
1988m7,.5700000000000001,1.58,1.86,.28,.13,.08,.7000000000000001,1.62,2.03,.21,.12,.08
1988m8,.55,1.6,1.76,.09,.12,.08,.63,1.67,1.96,.11,.1,.04
1988m9,.6,1.56,1.9,.1,.31,.07,.6900000000000001,1.63,2.08,.11,.34,.09
1988m10,.62,1.54,1.91,.12,.17,.04,.71,1.6,2.05,.12,.21,.05
1988m11,.6900000000000001,1.64,1.79,.11,.04,.08,.78,1.7,1.95,.13,.05,.09
1988m12,.74,1.67,1.84,.07,.14,.1,.84,1.69,2.02,.1,.12,.12
1989m1,.8300000000000001,1.64,1.9,.15,.24,.13,.9,1.61,2.07,.12,.25,.14
1989m2,.84,1.61,2.12,.1,.21,.03,.92,1.4,2.32,-.04,.26,.03
1989m3,.9500000000000001,1.47,2.17,.08,.16,.14,.99,1.17,2.36,.01,.18,.11
1989m4,.99,1.44,2.36,.08,.51,.09,1.01,1.2,2.15,.09,.17,.08
1989m5,.99,1.39,2.47,.08,.21,.08,.9500000000000001,1.18,2.2,.09,.19,.02
1989m6,.9500000000000001,1.38,2.31,.12,.06,.04,.88,1.19,2.1,.14,.11,.02
1989m7,.92,1.2,2.29,.1,.1,.04,.86,1.08,2.07,.1,.09,.07
1989m8,.89,1.04,2.18,-.06,.02,.06,.86,1.04,2.01,.07,.04,.04
1989m9,.85,.97,2.02,.04,.15,.03,.8200000000000001,.96,1.93,.04,.26,.04
1989m10,.8100000000000001,.9500000000000001,2.15,.09,.29,.01,.77,.9,2.02,.06,.3,.01
1989m11,.86,.87,2.16,.04,.05,.13,.84,.8,2.04,.03,.08,.16
1989m12,.77,.87,2.23,.07,.22,.01,.72,.75,2.16,.05,.23,.01
1990m1,.68,.9,2.57,.18,.5700000000000001,.04,.63,.86,2.03,.22,.12,.05
1990m2,.71,.88,2.69,.07,.33,.05,.63,.96,2.17,.06,.4,.03
1990m3,.5700000000000001,1.03,2.69,.22,.16,.01,.52,1.21,2.2,.26,.22,.01
1990m4,.53,1,2.29,.05,.11,.05,.52,1.16,2.21,.05,.17,.08
1990m5,.5600000000000001,.9400000000000001,2.18,.03,.09,.11,.63,1.11,2.16,.04,.14,.13
1990m6,.5700000000000001,1.08,2.25,.27,.14,.04,.68,1.18,2.17,.21,.12,.06
1990m7,.58,1.08,2.25,.1,.1,.05,.62,1.22,2.18,.14,.1,.01
1990m8,.5600000000000001,1.47,2.55,.32,.32,.03,.62,1.2,2.48,.05,.33,.03
1990m9,.59,1.53,2.87,.1,.47,.06,.64,1.23,2.43,.07,.21,.07
1990m10,.62,1.71,2.85,.27,.27,.04,.65,1.24,2.39,.07,.26,.01
1990m11,.5,1.7,2.89,.03,.1,.01,.51,1.23,2.4,.02,.09,.02
1990m12,.47,1.6,2.82,-.03,.14,-.02,.51,1.15,2.34,-.04,.16,.01
1991m1,.51,1.3,2.66,-.11,.42,.08,.5,1.03,2.58,.1,.36,.04
1991m2,.53,1.09,2.46,-.14,.13,.07,.54,1.07,2.3,.1,.11,.07
1991m3,.5700000000000001,.79,2.35,-.08,.05,.05,.6,.88,2.15,.08,.07,.07
1991m4,.58,.79,2.32,.05,.08,.06,.55,.91,2.07,.08,.1,.03
1991m5,.59,.8200000000000001,2.47,.06,.24,.12,.55,.9500000000000001,2.12,.08,.2,.13
1991m6,.5700000000000001,.6,2.43,.04,.11,.02,.53,.78,2.14,.05,.13,.04
1991m7,.54,.52,2.45,.03,.11,.02,.54,.73,2.24,.08,.2,.03
1991m8,.55,.27,2.25,.08,.12,.04,.55,.8100000000000001,2,.13,.1,.04
1991m9,.52,.23,2.04,.05,.26,.04,.55,.79,2.08,.06,.29,.06
1991m10,.53,-.05,1.92,-.01,.15,.05,.5700000000000001,.72,2,0,.19,.04
1991m11,.58,-.03,1.93,.05,.11,.06,.63,.76,1.98,.05,.06,.07
1991m12,.62,.01,2.02,.01,.23,.01,.63,.78,2.06,-.02,.25,.02
1992m1,.61,.22,1.57,.1,-.03,.07,.68,.79,1.78,.11,.08,.09
1992m2,.62,.49,1.49,.12,.06,.08,.71,.85,1.69,.16,.02,.09
1992m3,.6,.58,1.64,.02,.2,.03,.68,.78,1.82,.01,.2,.04
1992m4,.6,.6,1.71,.07,.15,.05,.72,.79,1.91,.08,.18,.07
1992m5,.44,.61,1.58,.07,.11,-.04,.5600000000000001,.79,1.8,.08,.09,-.03
1992m6,.39,.71,1.54,.14,.07,-.02,.49,.8300000000000001,1.69,.09,.02,-.03
1992m7,.4,.79,1.62,.11,.19,.03,.5,.85,1.73,.11,.24,.03
1992m8,.34,.8300000000000001,1.54,.11,.04,-.02,.45,.85,1.59,.13,-.04,0
1992m9,.34,.89,1.29,.11,.02,.04,.43,.89,1.33,.09,.03,.04
1992m10,.41,.98,1.3,.08,.16,.12,.49,1,1.33,.11,.19,.1
1992m11,.36,1.05,1.26,.12,.07,.01,.44,1.05,1.37,.1,.09,.02
1992m12,.41,1.1,1.09,.05,.07,.06,.5,1.09,1.2,.03,.08,.08
1993m1,.38,1.05,1.28,.05,.16,.04,.46,1.05,1.31,.07,.18,.04
1993m2,.34,1.03,1.24,.1,.02,.04,.41,.99,1.33,.1,.05,.05
1993m3,.33,1.08,1.17,.07,.12,.02,.39,1,1.31,.02,.18,.02
1993m4,.34,1.17,1.05,.17,.03,.07,.38,1.12,1.17,.2,.04,.06
1993m5,.52,1.29,.9400000000000001,.18,0,.13,.5600000000000001,1.16,1.14,.12,.07,.15
1993m6,.55,1.18,.86,.04,-.01,.01,.63,1.15,1.1,.08,-.02,.04
1993m7,.61,1.11,.7000000000000001,.04,.04,.09,.6900000000000001,1.11,.9,.07,.05,.1
1993m8,.64,1.03,.79,.04,.13,.01,.72,1.03,1.06,.05,.12,.02
1993m9,.66,.96,.79,.03,.02,.06,.75,.97,1.08,.03,.06,.07
1993m10,.61,.93,.8300000000000001,.06,.19,.07,.73,.89,.9500000000000001,.03,.06,.08
1993m11,.66,.87,.8300000000000001,.06,.07,.06,.78,.87,.97,.08,.11,.07
1993m12,.62,.89,.7000000000000001,.08,-.07,.01,.72,.93,.8300000000000001,.09,-.06,.02
1994m1,.61,.92,.47,.07,-.07,.04,.72,.93,.61,.07,-.04,.05
1994m2,.64,.9500000000000001,.48,.13,.04,.07,.71,.98,.6,.15,.04,.03
1994m3,.72,1.01,.41,.13,.05,.1,.78,1.13,.49,.17,.08,.1
1994m4,.68,.8300000000000001,.48,-.01,.1,.03,.76,.9500000000000001,.5600000000000001,.02,.11,.03
1994m5,.58,.74,.51,.08,.03,.03,.64,.92,.59,.1,.09,.04
1994m6,.61,.77,.65,.07,.13,.04,.61,.92,.74,.08,.14,.01
1994m7,.61,.87,.71,.14,.09,.08,.61,.89,.77,.04,.08,.1
1994m8,.64,.89,.72,.05,.14,.04,.63,.89,.66,.06,.01,.05
1994m9,.61,.89,.75,.04,.05,.03,.6,.93,.66,.06,.06,.03
1994m10,.59,.9500000000000001,.5700000000000001,.12,.01,.04,.5700000000000001,1.04,.66,.14,.05,.05
1994m11,.5700000000000001,.97,.5700000000000001,.08,.07,.04,.54,1.05,.59,.1,.04,.05
1994m12,.63,.89,.64,-.01,0,.08,.5700000000000001,.96,.64,0,0,.04
1995m1,.6,.96,.76,.14,.05,.01,.54,1.06,.75,.17,.07,.01
1995m2,.58,.8200000000000001,.86,-.01,.14,.05,.5600000000000001,.9,.8300000000000001,-.02,.12,.06
1995m3,.49,.75,.93,.06,.11,.01,.47,.8,.92,.07,.16,.01
1995m4,.5,.88,.93,.12,.11,.04,.49,.92,.86,.14,.05,.05
1995m5,.5,.9400000000000001,.88,.14,-.02,.03,.49,.96,.77,.14,0,.04
1995m6,.47,.96,.75,.09,.01,.01,.49,.98,.63,.09,0,0
1995m7,.4,.85,.73,.04,.07,.02,.41,.99,.63,.05,.08,.02
1995m8,.39,.9,.6900000000000001,.1,.1,.03,.39,1.05,.73,.11,.11,.02
1995m9,.41,.87,.65,.01,.01,.05,.39,1.03,.72,.05,.05,.04
1995m10,.39,.86,.77,.11,.14,.02,.36,.99,.8,.1,.13,.01
1995m11,.35,.78,.7000000000000001,-.01,0,.01,.32,.9400000000000001,.78,.04,.02,.01
1995m12,.35,.8,.8,.02,.1,.08,.34,.9500000000000001,.85,.01,.07,.07
1996m1,.41,.74,.8300000000000001,.08,.07,.07,.33,.8300000000000001,.85,.05,.06,0
1996m2,.37,.85,.74,.1,.05,.01,.28,.9500000000000001,.75,.1,.02,.01
1996m3,.45,.92,.7000000000000001,.14,.08,.09,.33,.96,.68,.08,.1,.06
1996m4,.45,1,.67,.2,.08,.03,.31,.86,.71,.04,.07,.03
1996m5,.45,.96,.73,.1,.04,.04,.32,.84,.72,.12,.01,.05
1996m6,.42,.97,.65,.09,-.07,-.02,.31,.86,.7000000000000001,.11,-.02,-.01
1996m7,.49,1,.63,.07,.05,.09,.37,.88,.65,.08,.03,.08
1996m8,.5600000000000001,.9400000000000001,.51,.03,-.03,.09,.45,.8300000000000001,.47,.05,-.07,.11
1996m9,.6,1.07,.5600000000000001,.14,.06,.09,.51,.9400000000000001,.47,.16,.05,.1
1996m10,.66,1.1,.52,.14,.1,.07,.59,.93,.4,.09,.07,.09
1996m11,.73,1.13,.59,.03,.08,.08,.65,.86,.47,-.02,.09,.07
1996m12,.65,1.16,.5700000000000001,.04,.07,.01,.59,.9,.39,.04,-.01,.01
1997m1,.65,1.15,.5,.07,0,.06,.66,.87,.35,.02,.02,.07
1997m2,.71,1.11,.52,.06,.08,.07,.73,.8300000000000001,.39,.06,.06,.08
1997m3,.67,.98,.49,.01,.05,.05,.74,.78,.44,.04,.15,.06
1997m4,.6900000000000001,.86,.39,.08,-.03,.06,.77,.84,.41,.1,.04,.06
1997m5,.67,.65,.39,-.1,.05,.01,.74,.72,.45,0,.05,.02
1997m6,.71,.58,.5600000000000001,.02,.09,.02,.77,.67,.54,.06,.07,.03
1997m7,.62,.6,.48,.09,-.03,0,.6900000000000001,.6900000000000001,.48,.1,-.03,0
1997m8,.54,.63,.51,.06,0,.02,.61,.7000000000000001,.43,.06,-.12,.02
1997m9,.49,.58,.5700000000000001,.09,.12,.03,.54,.59,.51,.04,.13,.04
1997m10,.44,.48,.55,.03,.08,.02,.49,.53,.54,.04,.09,.03
1997m11,.38,.46,.46,.01,-.02,.02,.43,.5700000000000001,.46,.01,.01,.01
1997m12,.37,.44,.35,.02,-.04,-.01,.42,.5700000000000001,.49,.05,.02,0
1998m1,.32,.43,.31,.06,-.03,.02,.37,.64,.5,.1,.03,.03
1998m2,.3,.34,.17,-.04,-.06,.05,.34,.63,.43,.05,-.01,.05
1998m3,.28,.32,.12,0,-.01,.03,.3,.68,.28,.09,0,.02
1998m4,.2,.36,.18,.11,.03,-.02,.26,.71,.27,.13,.03,.02
1998m5,.16,.54,.22,.08,.08,-.03,.22,.8,.26,.09,.04,-.03
1998m6,.14,.59,-.02,.07,-.15,0,.19,.79,.02,.05,-.17,0
1998m7,.17,.66,.07,.16,.06,.03,.23,.86,.13,.17,.08,.04
1998m8,.2,.63,.13,.04,.06,.04,.26,.85,.35,.05,.1,.05
1998m9,.21,.62,-.16,.08,-.18,.04,.27,.9,.07,.09,-.15,.05
1998m10,.18,.74,-.16,.15,.08,-.01,.23,1.04,.01,.17,.03,-.01
1998m11,.14,.76,-.14,.03,0,-.02,.23,1.05,-.01,.02,-.01,.01
1998m12,.18,.74,-.04,0,.07,.03,.27,1.06,.06,.05,.09,.04
1999m1,.21,.72,.04,.04,.05,.06,.33,.98,.08,.02,.05,.08
1999m2,.21,.75,.02,0,-.09,.04,.31,.93,.03,0,-.07,.04
1999m3,.17,.77,.1,.01,.07,-.01,.28,.85,.06,.01,.03,-.01
1999m4,.23,1.03,.14,.37,.07,.04,.3,.87,.1,.15,.08,.04
1999m5,.3,.96,.06,.01,.01,.05,.37,.8,.11,.01,.04,.05
1999m6,.28,.93,.22,.03,.02,-.02,.35,.78,.32,.03,.04,-.02
1999m7,.28,.97,.2,.2,.04,.03,.34,.72,.28,.11,.04,.03
1999m8,.23,1.02,.24,.09,.1,0,.28,.75,.16,.08,-.02,-.01
1999m9,.25,1.02,.64,.08,.22,.05,.27,.73,.47,.07,.16,.04
1999m10,.31,.9500000000000001,.6,.08,.04,.06,.34,.63,.48,.07,.04,.06
1999m11,.32,.97,.65,.05,.05,0,.35,.66,.5,.05,.02,.03
1999m12,.31,1.12,.62,.16,.05,.03,.34,.66,.46,.05,.05,.03
2000m1,.36,1.17,.66,.09,.08,.1,.38,.68,.5,.04,.09,.11
2000m2,.37,1.25,.9400000000000001,.07,.2,.05,.39,.73,.61,.05,.04,.06
2000m3,.38,1.33,1.2,.1,.33,0,.39,.8300000000000001,.68,.11,.11,-.01
2000m4,.35,.89,1.1,-.07,-.02,.01,.36,.59,.75,-.09,.15,.01
2000m5,.36,.84,1.15,-.04,.06,.06,.39,.55,.77,-.03,.06,.07
2000m6,.37,.84,1.47,.03,.33,-.02,.39,.5,.85,-.02,.12,-.02
2000m7,.37,.6900000000000001,1.6,.06,.17,.03,.39,.42,.98,.04,.17,.03
2000m8,.22,.63,1.62,.03,.12,-.15,.39,.37,1.11,.03,.11,-.01
2000m9,.24,.63,1.67,.08,.28,.08,.43,.35,1.06,.05,.11,.08
2000m10,.25,.51,1.75,-.05,.12,.07,.41,.25,1.15,-.03,.13,.04
2000m11,.26,.46,1.85,0,.14,.01,.39,.18,1.32,-.02,.19,.01
2000m12,.24,.39,1.87,.09,.07,0,.37,.17,1.33,.04,.05,0
2001m1,.24,.39,2.11,.1,.32,.1,.37,.19,1.44,.06,.2,.11
2001m2,.21,.31,2.07,-.01,.16,.02,.33,.17,1.54,.02,.13,.02
2001m3,.24,.2,1.74,-.01,-.01,.03,.38,.06,1.5,.01,.07,.04
2001m4,.26,.23,1.95,-.04,.2,.03,.4,.13,1.51,-.02,.16,.03
2001m5,.15,.25,2.23,-.01,.33,-.04,.27,.14,1.54,-.02,.1,-.05
2001m6,.18,.2,2.07,-.02,.18,.02,.28,.19,1.63,.03,.21,-.01
2001m7,.2,.19,1.79,.04,-.11,.04,.28,.2,1.64,.05,.18,.03
2001m8,.38,.16,1.63,0,-.04,.03,.33,.21,1.51,.04,-.02,.03
2001m9,.49,-.6,1.48,-.67,.13,.19,.24,-.61,1.58,-.76,.18,0
2001m10,.99,-.49,1.1,.06,-.26,.5600000000000001,.8100000000000001,-.45,1.44,.13,-.01,.6
2001m11,.99,-.44,.84,.05,-.12,.02,.8300000000000001,-.37,1.36,.07,.11,.03
2001m12,.98,-.68,.8200000000000001,-.15,.06,-.01,.85,-.48,1.38,-.07,.08,.02
2002m1,.93,-.71,.48,.07,-.02,.05,.77,-.46,1.12,.08,-.05,.04
2002m2,.9400000000000001,-.7000000000000001,.47,-.01,.15,.03,.78,-.48,1.15,0,.16,.03
2002m3,.93,-.65,.67,.05,.2,.03,.77,-.43,1.12,.05,.04,.03
2002m4,1.01,-.55,.74,.06,.26,.1,.86,-.36,1.08,.05,.11,.12
2002m5,1.07,-.52,.45,.01,.04,.01,.93,-.34,1.08,0,.1,.02
2002m6,1.09,-.52,.37,-.01,.1,.04,.98,-.36,.98,.01,.11,.05
2002m7,1.09,-.47,.5700000000000001,.09,.09,.04,1,-.34,.89,.07,.09,.04
2002m8,1.07,-.38,.71,.09,.1,.01,.97,-.31,1.04,.07,.12,.01
2002m9,.92,.31,.71,.01,.12,.05,1.02,.47,.96,.01,.11,.05
2002m10,.41,.28,1.08,.03,.11,.04,.46,.36,1,.01,.03,.05
2002m11,.4,.27,1.26,.04,.06,.01,.47,.29,.9500000000000001,.01,.06,.03
2002m12,.43,.41,1.31,-.01,.1,.02,.47,.35,.97,-.01,.09,.02
2003m1,.35,.34,1.67,0,.33,-.03,.4,.25,1.14,-.02,.12,-.04
2003m2,.36,.64,1.61,.29,.09,.05,.38,.31,1.05,.06,.06,.02
2003m3,.38,.67,1.56,.08,.15,.04,.4,.37,1.01,.12,.01,.04
2003m4,.27,.46,1.29,-.15,-.01,0,.29,.38,.9500000000000001,.06,.05,.01
2003m5,.26,.27,1.32,-.18,.07,.01,.28,.45,.92,.07,.08,.01
2003m6,.22,.35,1.26,.07,.04,0,.23,.51,.8100000000000001,.07,-.01,0
2003m7,.33,.34,1.23,.09,.06,.15,.26,.54,.8,.1,.08,.07
2003m8,.34,.48,1.21,.22,.09,.03,.25,.48,.78,.01,.1,.01
2003m9,.36,.66,1.15,.19,.06,.07,.26,.49,.74,.02,.06,.06
2003m10,.34,.64,1.03,.01,-.01,.01,.23,.48,.87,.01,.16,.02
2003m11,.34,.66,1.03,.06,.06,.01,.23,.5700000000000001,.8300000000000001,.09,.02,.03
2003m12,.35,.71,1.08,.03,.16,.03,.24,.6,.8,.03,.07,.03
2004m1,.43,.93,.87,.23,.12,.04,.31,.6900000000000001,.84,.08,.16,.02
2004m2,.43,.6900000000000001,.9,.05,.12,.05,.34,.67,.85,.03,.07,.06
2004m3,.39,.7000000000000001,.8100000000000001,.09,.07,0,.29,.64,.93,.09,.09,0
2004m4,.41,.8100000000000001,1.03,-.04,.2,.02,.31,.61,1.09,.03,.21,.02
2004m5,.42,1.18,1.08,.18,.13,.02,.32,.6,1.08,.06,.06,.02
2004m6,.43,1.28,1.16,.17,.11,0,.32,.59,1.19,.06,.1,0
2004m7,.32,1.24,1.11,.04,.01,.04,.29,.5600000000000001,1.12,.07,.01,.04
2004m8,.3,1.04,1.03,.03,.02,.01,.29,.5700000000000001,1.02,.02,.01,.01
2004m9,.33,.88,1.05,.03,.08,.09,.27,.6,1.07,.05,.11,.03
2004m10,.41,1.09,1.18,.22,.11,.1,.31,.62,1.04,.04,.13,.06
2004m11,.53,1.15,1.25,.13,.13,.13,.32,.64,1.1,.1,.08,.03
2004m12,.53,1.1,1.14,-.03,.05,.04,.34,.63,1.09,.02,.06,.05
2005m1,.53,.9500000000000001,1.04,.08,.02,.04,.36,.65,1.16,.09,.22,.05
2005m2,.66,.97,.96,.06,.05,.18,.36,.68,1.13,.07,.04,.06
2005m3,.71,.93,1.1,.05,.21,.05,.38,.6,1.27,.01,.22,.02
2005m4,.76,1.07,1.01,.1,.11,.08,.37,.62,1.12,.04,.06,.01
2005m5,.75,.92,.89,.03,.01,.01,.37,.58,1.22,.02,.17,.02
2005m6,.76,.8,.78,.05,0,.01,.39,.58,1.11,.06,-.01,.02
2005m7,.75,1.04,.88,.29,.11,.03,.37,.55,1.19,.04,.09,.01
2005m8,.78,1.33,.92,.31,.05,.04,.39,.54,1.23,0,.04,.03
2005m9,.75,1.34,1.73,.04,.88,.05,.42,.52,1.25,.03,.13,.06
2005m10,.47,1.23,1.84,.11,.23,-.17,.4,.6,1.26,.11,.14,.04
2005m11,-.09,1.17,1.87,.07,.16,-.43,.44,.5700000000000001,1.29,.07,.11,.08
2005m12,-.14,1.18,1.85,-.01,.03,-.01,.38,.6,1.3,.05,.07,-.01
2006m1,-.13,1.2,2.18,.1,.34,.05,.39,.62,1.13,.11,.06,.05
2006m2,-.3,1.25,2.09,.11,-.04,0,.33,.67,1.13,.12,.05,0
2006m3,-.31,1.22,2.02,.03,.14,.04,.35,.72,1.1,.05,.19,.04
2006m4,-.37,1.44,2.04,.32,.13,.01,.34,.8200000000000001,1.19,.14,.16,.01
2006m5,-.35,1.44,2.24,.03,.21,.03,.36,.8300000000000001,1.2,.04,.18,.04
2006m6,-.28,1.42,2.37,.03,.13,.08,.41,.8300000000000001,1.35,.05,.13,.07
2006m7,-.29,1.46,2.26,.33,-.01,.02,.42,.87,1.25,.08,0,.02
2006m8,-.15,1.21,2.27,.06,.07,.19,.47,.92,1.27,.05,.07,.09
2006m9,-.19,1.29,.99,.12,-.39,.01,.42,1.02,1.16,.13,.02,.01
2006m10,0,.93,.76,-.24,0,.01,.4,1.03,1.07,.12,.05,.01
2006m11,.4,.85,.6900000000000001,-.02,.09,-.04,.28,.97,1.03,.01,.08,-.04
2006m12,.47,1.2,.61,.34,-.05,.07,.37,1.03,.91,.12,-.05,.08
2007m1,.48,1.14,.5,.04,.24,.06,.37,.9400000000000001,1.19,.02,.33,.06
2007m2,.52,1.12,.73,.09,.18,.04,.41,.9,1.24,.08,.1,.04
2007m3,.73,1.13,.6900000000000001,.04,.09,.24,.42,.88,1.07,.04,.02,.04
2007m4,.7000000000000001,.84,.79,.02,.23,-.01,.4,.77,1.04,.03,.13,-.01
2007m5,.68,.84,.8300000000000001,.04,.24,.01,.38,.77,.93,.03,.07,.01
2007m6,.63,.87,.8100000000000001,.06,.12,.03,.35,.78,.87,.06,.07,.04
2007m7,.65,.63,.84,.08,.03,.04,.37,.77,.9,.08,.03,.04
2007m8,.47,.66,.74,.1,-.03,0,.29,.8100000000000001,.88,.09,.05,.01
2007m9,.51,.74,1.27,.19,.14,.05,.31,.77,1.02,.1,.15,.02
2007m10,.55,1.1,1.41,.12,.14,.05,.35,.76,1.07,.11,.1,.06
2007m11,.93,1.2,1.44,.07,.11,.35,.46,.75,1.12,.01,.13,.06
2007m12,.9,.88,1.67,.02,.17,.04,.43,.6,1.37,-.03,.19,.04
2008m1,.86,.85,1.65,.02,.22,.02,.39,.6,1.2,.02,.16,.02
2008m2,.79,.8,1.66,.03,.2,-.03,.32,.53,1.22,.01,.12,-.03
2008m3,.61,.8,1.76,.04,.19,.06,.34,.47,1.36,-.02,.15,.06
2008m4,.73,.86,1.53,.07,0,.11,.44,.51,1.13,.07,-.1,.08
2008m5,.71,.93,1.62,.11,.34,-.01,.41,.55,1.18,.08,.12,-.02
2008m6,.72,.9,2.17,.04,.66,.04,.42,.52,1.27,.03,.16,.05
2008m7,.67,.85,2.6,.03,.45,-.01,.36,.48,1.4,.04,.16,-.02
2008m8,.71,.55,2.72,-.21,.09,.04,.39,.4,1.42,.02,.06,.05
2008m9,.68,.31,2.68,-.04,.1,.02,.41,.28,1.35,-.02,.09,.04
2008m10,.63,.12,1.94,-.07,-.58,0,.35,.09,1.19,-.08,-.06,0
2008m11,.29,-.02,.68,-.06,-1.13,.01,.3,0,1.1,-.09,.04,.01
2008m12,.29,-.59,.46,-.55,-.05,.04,.31,-.02,.86,-.05,-.05,.05
2009m1,.21,-.52,.24,.09,0,-.07,.2,.06,.65,.1,-.04,-.08
2009m2,.27,-.4,.04,.15,0,.04,.28,.1,.52,.04,-.01,.05
2009m3,.2,-.66,-.02,-.21,.13,-.02,.24,0,.54,-.11,.17,.02
2009m4,.1,-.72,.09,.02,.11,.02,.19,-.03,.79,.03,.16,.04
2009m5,.12,-.8100000000000001,-.17,.02,.08,.01,.26,-.08,.67,.03,0,.05
2009m6,.11,-.8100000000000001,-.29,.04,.54,.03,.24,-.08,.59,.03,.07,.03
2009m7,.13,-.8300000000000001,-.74,.01,-.01,.01,.27,-.06,.44,.06,.02,.01
2009m8,.25,-.58,-.75,.05,.08,.17,.23,-.02,.46,.05,.08,.01
2009m9,.29,-.49,-.79,.05,.06,.06,.26,.05,.44,.05,.07,.06
2009m10,.33,-.29,.01,.13,.21,.04,.3,.27,.7000000000000001,.13,.2,.04
2009m11,.37,-.07,1.2,.15,.06,.05,.35,.39,.67,.03,0,.06
2009m12,.33,.52,1.27,.03,.02,0,.32,.46,.76,.02,.04,.02
2010m1,.42,.59,1.31,.16,.03,.02,.43,.46,.8300000000000001,.1,.03,.03
2010m2,.3,.52,1.32,.07,.01,-.08,.37,.49,.86,.07,.02,-.01
2010m3,.41,.76,1.22,.02,.03,.09,.45,.63,.7000000000000001,.03,.02,.1
2010m4,.4,.8100000000000001,1.08,.07,-.02,.01,.41,.67,.53,.08,-.02,0
2010m5,.39,.8100000000000001,1.03,.02,.02,-.01,.36,.65,.63,.01,.1,0
2010m6,.36,.72,.5,-.05,.01,0,.33,.65,.59,.02,.03,0
2010m7,.34,.8,.51,.08,.01,0,.3,.6,.5700000000000001,.01,0,-.01
2010m8,.2,.79,.51,.04,.08,.02,.31,.59,.52,.05,.03,.02
2010m9,.15,.8,.48,.06,.03,.01,.26,.55,.5,.01,.04,.01
2010m10,.12,.88,.38,.21,.11,.01,.22,.46,.4,.04,.11,.01
2010m11,.11,.9,.31,.17,-.01,.04,.2,.53,.4,.1,0,.03
2010m12,.13,.92,.43,.05,.15,.03,.2,.54,.32,.03,-.03,.03
2011m1,.15,.92,.5,.16,.1,.04,.22,.52,.39,.08,.09,.05
2011m2,.29,.9500000000000001,.61,.11,.12,.06,.23,.5,.49,.06,.12,0
2011m3,.24,1.18,.6900000000000001,.25,.11,.05,.17,.55,.49,.08,.03,.05
2011m4,.27,1.15,1.06,.05,.35,.03,.2,.53,.67,.05,.15,.03
2011m5,.35,1.17,1.23,.04,.19,.08,.29,.5700000000000001,.66,.05,.1,.09
2011m6,.38,1.26,1.13,.04,-.09,.03,.34,.59,.66,.05,.02,.04
2011m7,.45,1.24,1.17,.06,.04,.07,.42,.6,.71,.02,.06,.07
2011m8,.49,1.21,1.27,.01,.17,.05,.41,.5700000000000001,.86,.01,.18,.01
2011m9,.53,1.17,1.31,.02,.07,.05,.41,.58,.86,.02,.04,.01
2011m10,.52,.99,1.17,.03,-.03,.01,.41,.58,.76,.04,.01,.01
2011m11,.54,.87,1.28,.05,.1,.05,.4,.55,.87,.08,.11,.02
2011m12,.53,.88,1.11,.06,-.02,.02,.4,.61,.96,.08,.06,.03
2012m1,.62,.89,1.05,.18,.04,.13,.43,.72,.91,.18,.04,.08
2012m2,.6,.9500000000000001,.9500000000000001,.17,.02,.04,.48,.74,.8100000000000001,.07,.03,.04
2012m3,.61,.77,.92,.06,.08,.05,.46,.71,.88,.06,.09,.03
2012m4,.62,.72,.67,-.01,.11,.04,.47,.64,.86,-.02,.13,.04
2012m5,.58,.71,.31,.03,-.17,.04,.43,.63,.77,.05,.01,.04
2012m6,.42,.72,.41,.06,.01,-.12,.41,.64,.78,.06,.03,.02
2012m7,.36,.59,.46,-.07,.1,.01,.34,.6,.84,-.02,.12,.01
2012m8,.33,.86,.33,.27,.04,.03,.34,.61,.6900000000000001,.02,.03,.01
2012m9,.31,.91,.47,.07,.22,.02,.36,.66,.68,.07,.03,.03
2012m10,.38,.89,.71,.01,.21,.08,.4,.63,.86,.01,.18,.05
2012m11,.38,.67,.65,-.16,.04,.06,.42,.59,.77,.04,.03,.04
2012m12,.4,.53,.71,-.08,.04,.04,.42,.52,.75,.01,.04,.02
2013m1,.28,.43,.78,.08,.11,.01,.34,.42,.8300000000000001,.08,.12,0
2013m2,.26,.54,.8100000000000001,.29,.05,.02,.32,.39,.86,.04,.05,.02
2013m3,.22,.49,.5700000000000001,.01,-.16,.02,.31,.35,.8200000000000001,.02,.06,.02
2013m4,.18,.31,.58,-.2,.11,-.01,.27,.33,.79,-.04,.1,0
2013m5,.14,.33,.77,.06,.02,0,.23,.33,.8300000000000001,.05,.06,.01
2013m6,.33,.31,.88,.04,.12,.07,.28,.31,.87,.03,.06,.08
2013m7,.37,.4,.8300000000000001,.02,.05,.05,.33,.34,.8200000000000001,.01,.06,.06
2013m8,.4,.17,.85,.04,.06,.06,.33,.36,.84,.04,.06,.01
2013m9,.38,.14,.64,.04,0,0,.31,.33,.89,.04,.08,0
2013m10,.33,.19,.48,.06,.05,.03,.3,.38,.78,.06,.07,.04
2013m11,.31,.37,.53,.02,.09,.04,.29,.37,.85,.03,.1,.04
2013m12,.35,.51,.54,.06,.04,.08,.28,.42,.85,.06,.04,0
2014m1,.35,.55,.52,.11,.09,.01,.29,.35,.8100000000000001,.02,.08,.01
2014m2,.33,.3,.49,.04,.02,-.01,.3,.34,.76,.03,0,.03
2014m3,.35,.32,.75,.03,.1,.04,.32,.34,.79,.02,.08,.04
2014m4,.42,.58,.68,.07,.04,.06,.37,.46,.75,.07,.06,.04
2014m5,.45,.5700000000000001,.76,.04,.1,.03,.4,.42,.8100000000000001,.01,.13,.03
2014m6,.42,.5600000000000001,.68,.03,.05,.03,.35,.42,.8,.04,.05,.03
2014m7,.35,.63,.7000000000000001,.09,.07,-.02,.3,.51,.8,.1,.06,.01
2014m8,.24,.67,.61,.08,-.04,-.05,.3,.58,.67,.1,-.07,0
2014m9,.17,.7000000000000001,.64,.07,.04,-.07,.31,.62,.63,.09,.03,.02
2014m10,.16,.6900000000000001,.49,.05,-.09,.01,.28,.64,.5600000000000001,.08,0,.01
2014m11,.11,.71,.29,.03,-.12,-.01,.23,.65,.52,.04,.06,-.01
2014m12,.04,.74,-.02,.09,-.26,0,.21,.6900000000000001,.46,.1,-.02,-.01
2015m1,.03,.64,-.6,.02,-.5,.01,.21,.6900000000000001,.32,.02,-.06,.01
2015m2,.07,.73,-.59,.13,.03,.03,.2,.71,.37,.05,.04,.02
2015m3,.07,.73,-.5700000000000001,.03,.12,.04,.21,.75,.33,.06,.04,.06
2015m4,.03,.67,-.5700000000000001,.01,.04,.03,.2,.74,.36,.07,.09,.03
2015m5,.03,.8300000000000001,-.65,.2,.02,.03,.2,.79,.26,.06,.03,.03
2015m6,.01,.88,-.6,.08,.1,.02,.19,.84,.23,.08,.02,.02
2015m7,.03,.8100000000000001,-.6,.02,.06,.01,.18,.77,.24,.03,.07,0
2015m8,.09,.76,-.58,.02,-.02,0,.18,.7000000000000001,.35,.04,.04,0
2015m9,.18,.74,-.8300000000000001,.05,-.21,.03,.18,.68,.38,.06,.06,.02
2015m10,.17,.7000000000000001,-.75,.02,-.02,0,.17,.62,.39,.02,.01,0
2015m11,.21,.67,-.61,0,.03,.03,.22,.59,.39,.01,.06,.04
2015m12,.24,.5,-.38,-.08,-.03,.03,.27,.53,.4,.03,0,.03
2016m1,.24,.55,.09,.07,-.03,.01,.27,.59,.55,.08,.1,.01
2016m2,.25,.46,-.06,.04,-.13,.04,.29,.58,.59,.04,.08,.05
2016m3,.21,.58,-.09,.15,.09,0,.23,.58,.66,.05,.1,-.01
2016m4,.21,.71,.02,.14,.16,.03,.23,.55,.75,.04,.17,.03
2016m5,.29,.58,0,.07,0,.1,.28,.5600000000000001,.74,.07,.03,.08
2016m6,.28,.54,.04,.04,.13,.01,.27,.53,.77,.05,.05,.01
2016m7,.29,.53,-.03,.01,-.01,.02,.28,.52,.8100000000000001,.02,.11,.02
2016m8,.31,.55,.06,.04,.08,.02,.31,.53,.87,.04,.11,.03
2016m9,.3,.58,.36,.08,.09,.02,.31,.48,.91,.02,.09,.03
2016m10,.33,.61,.52,.04,.13,.03,.35,.5,.9500000000000001,.04,.05,.04
2016m11,.31,.62,.49,.02,0,.01,.33,.53,.88,.04,-.01,.02
2016m12,.29,.84,.55,.13,.03,.01,.32,.5600000000000001,.9,.07,.02,.03
2017m1,.31,.86,.85,.08,.28,.03,.35,.5700000000000001,.96,.09,.15,.03
2017m2,.29,.86,1.07,.04,.08,.01,.3,.5700000000000001,1.01,.04,.13,.01
2017m3,.26,.76,.91,.05,-.06,-.03,.31,.58,.8100000000000001,.06,-.09,0
2017m4,.26,.63,.9,.01,.15,.03,.31,.55,.8,.02,.16,.03
2017m5,.09,.5600000000000001,.9400000000000001,0,.03,-.07,.28,.47,.8200000000000001,-.01,.04,.05
2017m6,.09,.59,.8100000000000001,.07,0,.01,.31,.52,.77,.09,.01,.04
2017m7,.08,.54,.89,-.03,.07,0,.29,.46,.78,-.04,.11,0
2017m8,.03,.59,.97,.1,.15,-.02,.23,.52,.71,.11,.04,-.03
2017m9,.28,.5700000000000001,.93,.06,.06,.27,.2,.5600000000000001,.68,.06,.07,0
2017m10,.18,.54,.99,.01,.19,-.07,.19,.53,.85,.01,.22,.02
2017m11,.18,.58,1.06,.07,.07,.02,.19,.5600000000000001,.8200000000000001,.07,-.04,.02
2017m12,.17,.54,1.07,.09,.05,.01,.17,.58,.85,.09,.06,.01
2018m1,.19,.58,1.01,.12,.22,.05,.19,.6,.86,.11,.16,.06
2018m2,.24,.61,1.01,.08,.08,.06,.25,.67,.75,.11,.02,.06
2018m3,.21,.5700000000000001,1.24,0,.17,-.06,.27,.62,1.04,.01,.2,.02
2018m4,.19,.65,1.22,.1,.13,.02,.25,.64,1.01,.03,.14,.02
2018m5,.3,.77,1.21,.11,.02,.04,.25,.73,1.01,.08,.05,.05
2018m6,.35,.74,1.2,.04,-.01,.06,.28,.6900000000000001,.98,.05,-.02,.06
2018m7,.4,.8,1.15,.03,.03,.05,.34,.76,.91,.03,.04,.06
2018m8,.46,.71,1.03,.01,.03,.03,.41,.66,.85,.01,-.03,.04
2018m9,.19,.72,1.11,.06,.14,.01,.4,.63,.9400000000000001,.03,.16,0
2018m10,.29,.75,1.03,.04,.12,.02,.41,.63,.84,.02,.12,.03
2018m11,.26,.62,1.07,-.06,.1,-.01,.38,.63,1,.08,.12,0
2018m12,.33,.46,1.09,-.07,.07,.07,.44,.45,1.15,-.09,.2,.07
2019m1,.3,.4,.74,.06,-.14,.03,.42,.41,1.02,.07,.03,.04
2019m2,.23,.46,.72,.14,.06,-.01,.34,.35,1.06,.05,.06,-.01
2019m3,.36,.53,.64,.08,.09,.06,.4,.41,.8200000000000001,.06,-.04,.07
2019m4,.36,.67,.55,.23,.04,.02,.4,.48,.77,.1,.08,.02
2019m5,.35,.53,.61,-.03,.08,.02,.37,.4,.8100000000000001,0,.09,.01
2019m6,.25,.5700000000000001,.63,.08,.01,-.04,.38,.44,.85,.1,.02,.07
2019m7,.22,.5700000000000001,.6900000000000001,.03,.09,.02,.34,.43,.87,.02,.07,.03
2019m8,.22,.59,.64,.03,-.02,.04,.35,.47,.9400000000000001,.04,.03,.04
2019m9,.23,.58,.5,.05,0,.02,.39,.5,.76,.06,-.02,.04
2019m10,.24,.5600000000000001,.52,.01,.14,.03,.4,.5,.74,.02,.1,.04
2019m11,.29,.67,.43,.06,.02,.04,.44,.48,.6,.05,-.03,.04
2019m12,.3,.8300000000000001,.47,.09,.1,.09,.4,.67,.5,.1,.11,.02
2020m1,.3,.8200000000000001,.72,.05,.11,.02,.38,.67,.5700000000000001,.07,.1,.02
2020m2,.31,.61,.8100000000000001,-.06,.16,0,.39,.67,.67,.05,.16,0
2020m3,.25,.13,.8,-.41,.07,.01,.33,.39,.79,-.22,.08,.01
2020m4,.23,-.8,1.01,-.6900000000000001,.25,0,.3,-.13,.79,-.42,.08,-.01
2020m5,.34,-.8300000000000001,.99,-.06,.06,.13,.35,-.16,.77,-.03,.08,.07
2020m6,.45,-.88,1.2,.04,.22,.07,.36,-.21,.79,.04,.04,.08
2020m7,.43,-.79,1.3,.11,.18,.01,.37,-.11,.92,.13,.2,.04
2020m8,.55,-.78,1.41,.05,.09,.15,.47,-.09,.99,.06,.1,.14
2020m9,.5600000000000001,-.76,1.5,.07,.09,.03,.48,-.09,1.07,.06,.06,.05
2020m10,.58,-.8200000000000001,1.45,-.05,.1,.05,.49,-.17,1.07,-.06,.11,.05
2020m11,.62,-.8100000000000001,1.41,.07,-.03,.07,.54,-.15,1.06,.07,-.04,.08
2020m12,.6900000000000001,-.66,1.34,.24,.03,.16,.54,-.02,.97,.23,.02,.03
2021m1,.93,-.63,1.32,.08,.09,.26,.7000000000000001,.01,.98,.1,.1,.18
2021m2,1.18,-.54,1.22,.03,.06,.25,.87,-.04,.88,-.01,.06,.17
2021m3,1.22,.16,1.34,.28,.2,.05,.9,.5,.85,.33,.06,.04
2021m4,1.31,1.1,1.31,.24,.22,.08,1.01,1.2,1.01,.28,.24,.09
2021m5,1.33,1.36,1.44,.2,.18,.16,1.09,1.41,1.12,.19,.19,.15
2021m6,1.24,1.54,1.58,.22,.36,-.02,.99,1.53,1.45,.16,.36,-.03
2021m7,1.3,1.58,1.64,.15,.24,.06,1.02,1.57,1.43,.17,.19,.06
2021m8,1.19,1.65,1.79,.12,.23,.04,.86,1.6,1.59,.09,.26,-.01
2021m9,1.34,1.61,1.82,.03,.12,.18,.87,1.56,1.67,.02,.14,.06
2021m10,1.48,1.94,1.94,.28,.21,.19,.91,1.91,1.68,.29,.12,.1
2021m11,1.47,2.26,2.2,.38,.23,.06,.9,2.13,1.92,.28,.19,.07
2021m12,1.39,2.22,2.53,.2,.35,.08,.97,2.09,2.2,.2,.31,.09
2022m1,1.27,2.13,2.85,-.01,.41,.14,.96,1.93,2.5,-.06,.4,.17
2022m2,1.07,2.36,3.09,.25,.3,.05,.85,2.1,2.67,.16,.23,.06
2022m3,1.05,2.62,3.22,.54,.33,.03,.84,1.96,2.81,.18,.19,.03
2022m4,1.08,2.47,3.1,.1,.1,.11,.88,1.84,2.64,.16,.07,.13
2022m5,.98,2.67,3.1,.39,.19,.05,.79,1.81,2.59,.16,.14,.06
2022m6,1.09,2.72,3.36,.27,.62,.1,.92,1.96,2.42,.3,.19,.1
2022m7,.8200000000000001,2.81,3.08,.24,-.03,-.21,.9500000000000001,1.98,2.17,.19,-.06,.1
2022m8,.86,2.84,2.9,.16,.05,.08,.99,2.07,2.27,.18,.36,.03
2022m9,.68,2.84,3.1,.03,.32,.01,.9400000000000001,2.18,2.44,.12,.31,.01
2022m10,.64,2.77,3.01,.2,.12,.14,1.01,1.99,2.42,.11,.09,.16
2022m11,.59,2.51,2.9,.13,.12,.01,.97,1.85,2.35,.14,.12,.03
2022m12,.59,2.22,2.69,-.09,.15,.08,.9400000000000001,1.76,2.23,.1,.19,.06
2023m1,.44,2.53,2.53,.3,.26,-.01,.76,2.04,2.09,.23,.26,-.01
2023m2,.41,2.35,2.43,.08,.2,.02,.73,2,2.08,.12,.21,.03
2023m3,.42,1.84,2.19,.03,.09,.03,.85,1.86,2.03,.04,.14,.15
2023m4,.35,1.94,2.19,.2,.1,.05,.77,1.9,2.06,.2,.11,.05
2023m5,.24,1.63,2.13,.09,.13,-.05,.74,1.86,2.08,.11,.16,.03
2023m6,.18,1.56,1.55,.2,.04,.03,.67,1.74,1.92,.19,.03,.03
2023m7,.5,1.31,1.59,-.01,.02,.11,.71,1.55,2,-.01,.02,.14
2023m8,.46,1.36,1.61,.21,.06,.03,.7000000000000001,1.4,1.7,.03,.06,.02
2023m9,.58,1.44,1.42,.11,.14,.13,.84,1.31,1.51,.04,.13,.14
2023m10,.45,1.26,1.31,.02,.01,.02,.6900000000000001,1.35,1.41,.15,-.01,.02
2023m11,.47,1.18,1.12,.05,-.07,.03,.68,1.28,1.32,.07,.03,.02
2023m12,.4,1.32,1.05,.05,.08,.01,.62,1.27,1.22,.09,.09,0
2024m1,.47,1.13,1.1,.11,.3,.06,.7000000000000001,1.16,1.29,.12,.33,.08
2024m2,.44,1.11,1.15,.06,.25,-.01,.66,1.1,1.3,.06,.23,-.02
2024m3,.53,1.29,1.11,.2,.04,.12,.65,1.26,1.22,.2,.06,.14
2024m4,.58,1.12,1.13,.04,.12,.1,.65,1.1,1.26,.04,.14,.06
2024m5,.63,1.14,.89,.11,-.1,0,.63,1.12,1.04,.13,-.06,.01
2024m6,.67,.98,.91,.04,.06,.06,.66,1.03,1.08,.11,.07,.06
2024m7,.55,1.08,.97,.09,.08,0,.52,1.15,1.14,.11,.09,0
2024m8,.5700000000000001,.87,.98,0,.07,.05,.5600000000000001,1.12,1.2,0,.11,.07
2024m9,.46,1.01,.8,.25,-.04,.02,.43,1.34,1.08,.25,.01,.02
2024m10,.54,1.05,.9,.06,.11,.1,.52,1.27,1.2,.09,.11,.1
2024m11,.55,1.06,.99,.06,.02,.04,.53,1.28,1.18,.07,.01,.03
2024m12,.6,1.26,.87,.25,-.03,.05,.59,1.35,1.06,.16,-.04,.06
2025m1,.5700000000000001,1.2,.84,.06,.27,.03,.54,1.27,.97,.05,.24,.03
2025m2,.6,1.34,.76,.2,.18,.03,.61,1.43,.92,.22,.18,.05
2025m3,.4,1.21,.76,.06,.04,-.08,.53,1.29,.86,.06,0,.05
2025m4,.28,1.27,.74,.1,.1,-.02,.46,1.34,.8100000000000001,.1,.1,0
2025m5,.24,1.22,.99,.07,.15,-.03,.48,1.3,1.01,.08,.13,.02
2025m6,.26,1.36,.97,.17,.04,.07,.49,1.35,.97,.16,.03,.07
2025m7,.29,1.33,.98,.06,.08,.03,.52,1.35,.99,.12,.1,.03
2025m8,.38,1.47,.9,.14,-.01,.14,.58,1.47,.86,.12,-.01,.12
2025m9,.41,1.36,1.01,.14,.07,.05,.59,1.3,.93,.08,.08,.03
2025m10,.48,1.31,.92,.01,.02,.17,.68,1.24,.84,.03,.02,.18
2025m11,.48,1.33,1.01,.08,.11,.04,.68,1.2,.9500000000000001,.04,.12,.03
2025m12,.49,1.14,1.25,.07,.2,.07,.6900000000000001,1.09,1.18,.05,.2,.08
2026m1,.42,1.22,1.23,.14,.26,-.04,.68,1.21,1.22,.16,.28,.01
2026m2,.49,1.14,1.24,.12,.19,.1,.72,1.09,1.24,.1,.21,.1
2026m3,.7000000000000001,1.55,1.28,.46,.08,.13,.8200000000000001,1.14,1.29,.11,.04,.15
2026m4,.85,1.56,1.37,.11,.18,.12,.8200000000000001,1.13,1.36,.09,.17,0
2026m5,1.02,1.61,1.42,.12,.2,.14,.96,1.17,1.27,.12,.04,.16
